{
  "pck_02": 0.7634002611242457,
  "pck_05": 0.9654388450041085,
  "mpjpe": 0.16315875947475433,
  "presence_accuracy": 0.32253633970470413,
  "presence_precision": 0.8783718108934185,
  "presence_recall": 0.32253633970470413,
  "presence_f1": 0.4620504644423577
}