{"mean": [0.6420903902946621, 0.6505791039517604, 0.6443721516600373, 0.6540753983240419, 0.6387252367747355, 0.6316473294377972, 0.5993346794728225, 0.6174704275557158, 0.5547728327720666, 0.6151367016841272, 0.5438334162937352, 0.542843631137695, 0.5225044537374985, 0.48407342115125024, 0.4534851828687136, 0.42399216121087585, 0.38578373072456645, 0.2810448711877757, 0.28530625053340436, 0.28217094077151966, 0.2871256019461535, 0.27929816758639786, 0.27608758944976625, 0.2596494790679983, 0.268281440082376, 0.2371423550798645, 0.2668918115005208, 0.23253485296539703, 0.2317007893975961, 0.2213248072984374, 0.2022391473427905, 0.1868783017100312, 0.1721628954032869, 0.15304540907729355], "std": [0.17540130876056415, 0.17660839029831027, 0.17907692073759635, 0.17422930174890994, 0.18045581642333955, 0.16200247647846305, 0.16946295316094365, 0.16146396187828432, 0.16582427813078152, 0.17078858776703806, 0.173971535182128, 0.1645385394344326, 0.1593984938064658, 0.19609626677704223, 0.1781950298938199, 0.2437889475518193, 0.21365444428005023, 0.3178572139223197, 0.32224152844216025, 0.32094852701579574, 0.3224693060913256, 0.31938221489210317, 0.3043746538849593, 0.2961288311813879, 0.29125539400452594, 0.2727651573990497, 0.2914815643369285, 0.27104904264078544, 0.2539914563726804, 0.24646255800155276, 0.22769368975508622, 0.21260053418206115, 0.21350447943691228, 0.18935721295736313]}